Country of Origin,Variety,Processing Method,Aroma,Flavor,Aftertaste,Acidity,Body,Balance,Uniformity,Clean Cup,Sweetness,Defects,Moisture Percentage,Category One Defects,Quakers,Color,Category Two Defects,is_specialty
Colombia,Castillo,Double Anaerobic Washed,8.58,8.5,8.42,8.58,8.25,8.42,10.0,10.0,10.0,0.0,11.8,0,0,green,3,1
Taiwan,Gesha,Washed / Wet,8.5,8.5,7.92,8.0,7.92,8.25,10.0,10.0,10.0,0.0,10.5,0,0,blue-green,0,1
Laos,Java,Semi Washed,8.33,8.42,8.08,8.17,7.92,8.17,10.0,10.0,10.0,0.0,10.4,0,0,yellowish,2,1
Costa Rica,Gesha,Washed / Wet,8.08,8.17,8.17,8.25,8.17,8.08,10.0,10.0,10.0,0.0,11.8,0,0,green,0,1
Colombia,Red Bourbon,"Honey,Mossto",8.33,8.33,8.08,8.25,7.92,7.92,10.0,10.0,10.0,0.0,11.6,0,2,yellow-green,2,1
Guatemala,Gesha,Washed / Wet,8.33,8.33,8.25,7.83,7.83,8.17,10.0,10.0,10.0,0.0,10.7,0,0,green,2,1
Taiwan,Gesha,Washed / Wet,8.33,8.17,8.08,8.0,7.83,8.25,10.0,10.0,10.0,0.0,9.1,0,0,green,0,1
Taiwan,Sl34+Gesha,Natural / Dry,8.25,8.25,8.17,8.0,7.92,8.08,10.0,10.0,10.0,0.0,10.0,0,0,yellow green,1,1
Taiwan,SL34,Washed / Wet,8.08,8.08,8.25,8.08,7.92,8.0,10.0,10.0,10.0,0.0,10.8,0,0,greenish,0,1
"Tanzania, United Republic Of",Bourbon,Washed / Wet,8.08,8.17,8.08,8.17,8.0,8.0,10.0,10.0,10.0,0.0,11.0,0,0,greenish,0,1
Ethiopia,Ethiopian Heirlooms,Natural / Dry,8.08,8.25,8.0,8.08,7.92,7.92,10.0,10.0,10.0,0.0,11.8,0,1,greenish,1,1
Guatemala,Gesha,Natural / Dry,8.08,8.0,8.0,7.75,8.25,8.17,10.0,10.0,10.0,0.0,11.5,0,0,brownish,1,1
Taiwan,Gesha,Washed / Wet,8.08,8.0,8.08,8.08,8.0,8.0,10.0,10.0,10.0,0.0,11.9,0,0,green,0,1
Ethiopia,Gesha,Natural / Dry,7.67,8.17,8.0,8.33,8.0,8.0,10.0,10.0,10.0,0.0,11.6,0,3,yellow- green,2,1
Colombia,Caturra,Washed / Wet,8.08,8.0,8.08,7.92,8.08,8.0,10.0,10.0,10.0,0.0,10.6,0,0,green,0,1
Taiwan,SL34,Pulped natural / honey,8.17,8.08,8.0,7.92,8.0,7.92,10.0,10.0,10.0,0.0,10.2,0,0,green,0,1
Ethiopia,"Wolishalo,Kurume,Dega",Washed / Wet,8.17,8.08,7.92,8.17,7.75,7.92,10.0,10.0,10.0,0.0,11.3,0,2,green,2,1
Taiwan,Gesha,Natural / Dry,8.0,8.17,8.0,7.92,7.92,7.92,10.0,10.0,10.0,0.0,10.3,0,0,yellow-green,0,1
Taiwan,Gesha,Natural / Dry,8.08,8.17,7.75,7.92,7.83,8.0,10.0,10.0,10.0,0.0,11.0,0,0,brownish,1,1
"Tanzania, United Republic Of",Bourbon,Washed / Wet,8.17,8.0,7.92,7.92,8.17,7.75,10.0,10.0,10.0,0.0,10.0,0,0,greenish,0,1
Guatemala,Gesha,Natural / Dry,8.0,7.92,8.08,7.92,7.75,8.0,10.0,10.0,10.0,0.0,11.6,0,0,yellowish,0,1
Taiwan,Typica,Natural / Dry,8.08,8.0,7.92,7.92,8.0,7.83,10.0,10.0,10.0,0.0,10.4,0,0,green,0,1
Thailand,Catimor,Pulped natural / honey,7.67,8.0,7.83,8.0,8.08,8.0,10.0,10.0,10.0,0.0,9.8,0,0,browish-green,5,1
Taiwan,SL34,Washed / Wet,7.83,8.0,7.92,8.0,8.0,7.92,10.0,10.0,10.0,0.0,10.6,0,0,bluish-green,0,1
Taiwan,Gesha,Natural / Dry,7.92,7.92,8.0,7.92,7.83,7.92,10.0,10.0,10.0,0.0,9.1,0,0,green,2,1
Taiwan,Gesha,Natural / Dry,8.17,8.08,7.92,8.0,7.58,7.83,10.0,10.0,10.0,0.0,10.6,0,0,green,0,1
Taiwan,Gesha,Natural / Dry,8.0,8.0,8.0,7.92,7.75,7.92,10.0,10.0,10.0,0.0,10.2,0,0,blue-green,0,1
United States (Hawaii),Typica,Washed / Wet,8.0,7.92,8.0,7.83,7.67,8.0,10.0,10.0,10.0,0.0,9.3,0,0,green,0,1
Taiwan,Typica,Washed / Wet,8.0,8.0,7.83,7.83,7.75,7.92,10.0,10.0,10.0,0.0,11.4,0,0,bluish-green,0,1
Taiwan,Typica,Washed / Wet,7.92,8.0,7.83,7.92,7.83,7.83,10.0,10.0,10.0,0.0,10.8,0,0,green,0,1
Taiwan,Gesha,Washed / Wet,8.08,8.17,7.67,7.83,7.67,7.92,10.0,10.0,10.0,0.0,11.3,0,0,green,0,1
Ethiopia,Ethiopian Heirlooms,Washed / Wet,7.67,7.83,7.83,8.0,8.0,8.0,10.0,10.0,10.0,0.0,9.9,0,2,green,3,1
Ethiopia,Ethiopian Heirlooms,Natural / Dry,8.0,8.08,8.0,8.0,7.67,7.75,10.0,10.0,10.0,0.0,12.3,0,3,yellow green,4,1
Ethiopia,Ethiopian Heirlooms,Washed / Wet,7.92,7.75,7.83,8.17,8.0,7.75,10.0,10.0,10.0,0.0,9.4,0,1,greenish,1,1
Taiwan,Gesha,Washed / Wet,8.0,7.92,7.83,7.92,7.83,7.83,10.0,10.0,10.0,0.0,9.5,0,0,bluish-green,0,1
Taiwan,Gesha,Pulped natural / honey,8.25,8.08,7.83,7.75,7.67,7.75,10.0,10.0,10.0,0.0,11.3,0,0,green,0,1
Kenya,SL28,Washed / Wet,8.17,7.75,7.83,7.58,7.92,8.0,10.0,10.0,10.0,0.0,9.2,0,0,greenish,1,1
Taiwan,Gesha,Washed / Wet,7.75,7.92,7.75,8.0,7.83,7.92,10.0,10.0,10.0,0.0,10.3,0,0,bluish-green,0,1
Taiwan,Typica,Natural / Dry,8.0,7.92,7.83,7.92,7.75,7.75,10.0,10.0,10.0,0.0,10.0,0,0,brownish,0,1
Taiwan,Typica,Washed / Wet,8.0,8.08,7.67,7.75,7.92,7.83,10.0,10.0,10.0,0.0,10.5,0,0,greenish,0,1
Taiwan,Gesha,Washed / Wet,8.0,7.92,7.67,8.0,7.75,7.83,10.0,10.0,10.0,0.0,10.0,0,0,pale yellow,5,1
Uganda,SL14,Washed / Wet,8.0,7.92,7.75,7.75,7.75,7.92,10.0,10.0,10.0,0.0,11.0,0,0,green,1,1
Taiwan,Gesha,Natural / Dry,8.17,8.08,7.83,7.67,7.67,7.75,10.0,10.0,10.0,0.0,10.1,0,0,yellow green,0,1
Guatemala,Caturra,Washed / Wet,7.67,8.08,7.67,8.0,7.92,7.83,10.0,10.0,10.0,0.0,9.9,0,1,green,1,1
Guatemala,Catuai,Washed / Wet,7.67,8.0,7.75,7.92,8.0,7.83,10.0,10.0,10.0,0.0,11.3,0,0,green,4,1
Guatemala,Caturra,Washed / Wet,7.83,7.92,7.75,8.0,7.75,7.75,10.0,10.0,10.0,0.0,11.7,0,3,green,1,1
Taiwan,Typica,Washed / Wet,7.92,7.92,7.83,7.83,7.75,7.83,10.0,10.0,10.0,0.0,9.5,0,0,green,2,1
Taiwan,Yellow Bourbon,Natural / Dry,8.0,8.0,7.75,7.75,7.67,7.75,10.0,10.0,10.0,0.0,9.7,0,0,brownish,0,1
Peru,Gesha,Washed / Wet,8.0,8.0,7.83,7.83,7.58,7.83,10.0,10.0,10.0,0.0,10.7,0,0,greenish,0,1
"Tanzania, United Republic Of",Bourbon,Washed / Wet,7.92,7.75,7.75,7.92,7.83,7.83,10.0,10.0,10.0,0.0,11.2,0,0,greenish,0,1
Taiwan,SL34,Natural / Dry,7.83,7.83,7.67,7.67,7.83,8.0,10.0,10.0,10.0,0.0,9.5,0,0,greenish,0,1
Taiwan,SL34,Washed / Wet,7.67,7.92,7.92,7.83,7.75,7.83,10.0,10.0,10.0,0.0,10.4,0,0,green,0,1
Brazil,Yellow Bourbon,Double Carbonic Maceration / Natural,7.83,7.92,7.75,7.92,7.67,7.83,10.0,10.0,10.0,0.0,11.2,0,1,green,5,1
Panama,Catuai,Washed / Wet,7.83,7.83,7.75,7.92,7.83,7.75,10.0,10.0,10.0,0.0,10.3,0,1,bluish-green,5,1
Taiwan,Yellow Bourbon,Pulped natural / honey,7.92,8.08,7.67,7.92,7.67,7.75,10.0,10.0,10.0,0.0,10.0,0,0,blue-green,0,1
Guatemala,Caturra,Washed / Wet,7.67,8.0,7.67,7.83,7.92,7.67,10.0,10.0,10.0,0.0,10.6,0,0,green,1,1
Guatemala,Bourbon,Natural / Dry,7.83,8.0,7.67,7.83,7.75,7.75,10.0,10.0,10.0,0.0,10.9,0,3,yellow-green,2,1
Costa Rica,Caturra,Washed / Wet,7.58,7.83,7.5,7.67,7.83,7.67,10.0,10.0,10.0,0.0,10.0,0,1,green,2,1
Taiwan,Typica,Pulped natural / honey,7.83,7.83,7.75,7.75,7.75,7.75,10.0,10.0,10.0,0.0,9.6,0,0,greenish,0,1
Taiwan,Gesha,Pulped natural / honey,8.17,7.83,7.67,7.83,7.67,7.67,10.0,10.0,10.0,0.0,11.5,0,0,green,0,1
Nicaragua,Catrenic,Natural / Dry,7.92,7.75,7.67,7.67,7.83,7.75,10.0,10.0,10.0,0.0,9.9,1,0,green,2,1
Taiwan,Gesha,Washed / Wet,8.08,7.83,7.67,7.67,7.67,7.75,10.0,10.0,10.0,0.0,11.2,0,0,green,2,1
Taiwan,SL34,Natural / Dry,7.83,8.0,7.67,7.75,7.67,7.75,10.0,10.0,10.0,0.0,10.3,0,0,green,0,1
Vietnam,Catimor,Natural / Dry,8.0,7.83,7.75,7.67,7.58,7.83,10.0,10.0,10.0,0.0,11.6,0,0,brownish,0,1
Costa Rica,Gesha,Washed / Wet,7.75,7.83,7.67,7.83,7.75,7.75,10.0,10.0,10.0,0.0,11.7,0,1,green,0,1
Taiwan,unknown,Pulped natural / honey,7.75,7.92,7.83,7.75,7.75,7.75,10.0,10.0,10.0,0.0,11.3,0,0,bluish-green,0,1
Honduras,Catuai,Washed / Wet,7.83,7.92,7.75,7.75,7.75,7.75,10.0,10.0,10.0,0.0,9.8,0,0,green,3,1
Ethiopia,Ethiopian Heirlooms,Washed / Wet,7.92,7.83,7.75,7.92,7.58,7.67,10.0,10.0,10.0,0.0,10.9,0,0,green,9,1
Taiwan,Typica,Natural / Dry,8.08,7.92,7.75,7.83,7.5,7.58,10.0,10.0,10.0,0.0,10.2,0,0,green,0,1
Taiwan,Gesha,Washed / Wet,7.83,8.0,7.5,7.75,7.75,7.75,10.0,10.0,10.0,0.0,10.1,0,0,bluish-green,1,1
Guatemala,Bourbon,Washed / Wet,7.67,7.83,7.75,7.75,7.83,7.75,10.0,10.0,10.0,0.0,9.2,0,1,green,5,1
United States (Hawaii),Catuai,Washed / Wet,7.92,7.83,7.75,7.92,7.5,7.67,10.0,10.0,10.0,0.0,10.1,3,0,yellow-green,7,1
Ethiopia,Ethiopian Heirlooms,Natural / Dry,7.83,7.75,7.58,7.92,8.0,7.5,10.0,10.0,10.0,0.0,11.0,0,5,yellow green,4,1
El Salvador,Pacamara,Pulped natural / honey,7.83,7.83,7.83,7.83,7.67,7.67,10.0,10.0,10.0,0.0,10.3,0,0,brownish,4,1
Colombia,Castillo and Colombia blend,Washed / Wet,7.75,7.75,7.75,7.75,7.83,7.67,10.0,10.0,10.0,0.0,11.6,0,0,green,1,1
Indonesia,"Jember,TIM-TIM,Ateng",Wet Hulling,7.67,7.67,7.83,7.83,7.67,7.75,10.0,10.0,10.0,0.0,11.5,0,1,blue-green,1,1
Guatemala,Typica,Washed / Wet,7.58,7.92,7.67,7.75,7.83,7.75,10.0,10.0,10.0,0.0,10.0,0,0,green,1,1
Madagascar,Bourbon,Washed / Wet,7.92,7.92,7.58,7.75,7.58,7.67,10.0,10.0,10.0,0.0,12.1,0,0,blue-green,0,1
Honduras,Catuai,Washed / Wet,7.75,7.75,7.58,7.83,7.75,7.75,10.0,10.0,10.0,0.0,10.2,0,0,green,2,1
Guatemala,Caturra,Washed / Wet,7.58,7.92,7.58,7.83,7.75,7.67,10.0,10.0,10.0,0.0,11.0,0,3,green,2,1
Taiwan,unknown,Pulped natural / honey,7.83,7.92,7.83,7.58,7.58,7.67,10.0,10.0,10.0,0.0,10.8,0,0,greenish,2,1
Taiwan,Gesha,Natural / Dry,7.92,7.75,7.67,7.75,7.75,8.0,9.33,10.0,10.0,0.0,10.6,0,0,yello-green,0,1
Guatemala,Caturra,Washed / Wet,7.67,7.83,7.67,7.83,7.75,7.67,10.0,10.0,10.0,0.0,11.0,0,1,green,2,1
Guatemala,Caturra,Washed / Wet,7.67,7.92,7.67,7.75,7.67,7.58,10.0,10.0,10.0,0.0,11.0,0,2,green,2,1
Honduras,Typica,Pulped natural / honey,7.75,7.75,7.75,7.67,7.75,7.67,10.0,10.0,10.0,0.0,9.4,0,0,green,0,1
"Tanzania, United Republic Of",Bourbon,Washed / Wet,7.58,7.67,7.75,7.75,7.75,7.75,10.0,10.0,10.0,0.0,9.8,0,0,greenish,3,1
Ethiopia,Ethiopian Heirlooms,Washed / Wet,8.0,7.75,7.5,7.67,7.67,7.67,10.0,10.0,10.0,0.0,11.3,1,1,green,1,1
"Tanzania, United Republic Of",Bourbon,Washed / Wet,7.75,7.58,7.58,7.92,7.67,7.75,10.0,10.0,10.0,0.0,11.6,0,0,greenish,2,1
Colombia,Caturra,Washed / Wet,7.67,7.83,7.58,7.92,7.67,7.67,10.0,10.0,10.0,0.0,13.3,0,2,green,3,1
Costa Rica,Caturra,Washed / Wet,7.67,7.92,7.58,7.75,7.67,7.58,10.0,10.0,10.0,0.0,9.5,0,0,green,2,1
Guatemala,Gesha,Natural / Dry,7.83,7.83,7.58,7.67,7.67,7.58,10.0,10.0,10.0,0.0,11.9,0,0,greenish,0,1
Guatemala,Bourbon,Washed / Wet,7.58,7.83,7.58,7.75,7.67,7.75,10.0,10.0,10.0,0.0,10.0,0,1,green,2,1
Thailand,Catimor,Natural / Dry,7.75,7.67,7.58,7.75,7.75,7.67,10.0,10.0,10.0,0.0,11.6,0,0,yellowish,3,1
Guatemala,"BOURBON, CATURRA Y CATIMOR",Natural / Dry,7.58,7.83,7.67,7.67,7.67,7.67,10.0,10.0,10.0,0.0,10.8,0,0,green,4,1
Guatemala,Bourbon,Washed / Wet,7.58,7.92,7.5,7.67,7.75,7.67,10.0,10.0,10.0,0.0,10.9,0,1,greenish,4,1
Ethiopia,Ethiopian Heirlooms,Washed / Wet,7.83,7.67,7.5,7.92,7.5,7.67,10.0,10.0,10.0,0.0,12.0,0,0,green,12,1
Colombia,Caturra,Washed / Wet,7.92,7.75,7.42,7.58,7.92,7.67,10.0,10.0,10.0,0.0,12.1,2,5,green,5,1
United States (Hawaii),Typica,Washed / Wet,7.67,7.92,7.58,7.58,7.58,7.75,10.0,10.0,10.0,0.0,11.8,0,3,green,3,1
Colombia,Bourbon Sidra,Pulped natural / honey,7.67,7.92,7.67,7.58,7.67,7.67,10.0,10.0,10.0,0.0,10.6,0,0,greenish,1,1
Mexico,Sarchimor,Washed / Wet,7.67,7.67,7.58,7.67,7.83,7.58,10.0,10.0,10.0,0.0,11.7,4,0,green,12,1
Taiwan,SL34,Washed / Wet,7.67,7.67,7.75,7.75,7.5,7.67,10.0,10.0,10.0,0.0,10.0,0,0,bluish-green,0,1
Myanmar,"Catimor,Catuai,Caturra,Bourbon",Natural / Dry,7.83,7.83,7.67,7.58,7.58,7.58,10.0,10.0,10.0,0.0,10.2,0,1,pale yellow,1,1
Taiwan,unknown,Pulped natural / honey,7.58,7.75,7.67,7.83,7.5,7.67,10.0,10.0,10.0,0.0,9.2,0,0,greenish,0,1
Honduras,Parainema,Natural / Dry,7.67,7.67,7.58,7.75,7.67,7.67,10.0,10.0,10.0,0.0,11.1,0,2,pale yellow,1,1
Taiwan,unknown,Natural / Dry,7.58,7.67,7.5,7.75,7.75,7.67,10.0,10.0,10.0,0.0,8.4,0,0,green,0,1
Taiwan,Typica,Pulped natural / honey,7.58,7.75,7.58,7.75,7.58,7.67,10.0,10.0,10.0,0.0,9.1,0,0,green,0,1
Guatemala,Caturra,Washed / Wet,7.58,7.83,7.58,7.67,7.58,7.58,10.0,10.0,10.0,0.0,10.9,0,2,green,4,1
Honduras,SHG,Washed / Wet,7.75,7.67,7.58,7.58,7.58,7.67,10.0,10.0,10.0,0.0,11.2,0,1,green,5,1
Colombia,Caturra,Washed / Wet,7.75,7.75,7.5,7.58,7.83,7.5,10.0,10.0,10.0,0.0,12.2,0,0,bluish-green,2,1
Thailand,Bourbon,Washed / Wet,7.42,7.83,7.58,7.67,7.67,7.75,10.0,10.0,10.0,0.0,13.1,0,0,green,0,1
Ethiopia,Ethiopian Heirlooms,Washed / Wet,7.42,7.42,7.42,8.0,7.92,7.67,10.0,10.0,10.0,0.0,10.4,0,1,greenish,11,1
Thailand,Java,Washed / Wet,7.67,7.67,7.5,7.67,7.58,7.67,10.0,10.0,10.0,0.0,11.6,0,2,green,0,1
Uganda,SL14,Washed / Wet,7.75,7.75,7.5,7.5,7.58,7.58,10.0,10.0,10.0,0.0,10.1,0,0,green,3,1
Taiwan,Typica + SL34,Washed / Wet,7.75,7.92,7.67,7.92,7.75,7.83,8.67,10.0,10.0,0.0,10.1,0,0,blue-green,0,1
Uganda,SL14,Washed / Wet,7.75,7.67,7.58,7.5,7.67,7.5,10.0,10.0,10.0,0.0,11.1,0,0,green,5,1
Taiwan,Typica,Pulped natural / honey,7.58,7.67,7.5,7.75,7.5,7.58,10.0,10.0,10.0,0.0,9.7,0,0,greenish,0,1
Guatemala,"MARSELLESA, CATUAI, CATURRA & MARSELLESA, ANACAFE 14, CATUAI",Washed / Wet,7.5,7.75,7.58,7.75,7.67,7.58,10.0,10.0,10.0,0.0,11.4,0,0,green,0,1
Taiwan,Typica,Washed / Wet,7.58,7.67,7.58,7.75,7.42,7.58,10.0,10.0,10.0,0.0,9.6,0,0,green,1,1
Colombia,Caturra,Washed / Wet,7.67,7.67,7.42,7.75,7.5,7.75,10.0,10.0,10.0,0.0,13.5,0,0,greenish,0,1
Costa Rica,Caturra,Washed / Wet,7.58,7.75,7.42,7.67,7.5,7.75,10.0,10.0,10.0,0.0,0.0,0,0,green,3,1
Taiwan,SL34,Washed / Wet,7.75,7.83,7.58,7.58,7.58,7.5,10.0,10.0,10.0,0.0,10.7,0,0,blue-green,1,1
Thailand,Typica,Washed / Wet,7.92,7.92,7.75,7.33,7.58,7.5,10.0,10.0,10.0,0.0,12.3,0,0,yellow-green,16,1
"Tanzania, United Republic Of",Bourbon,Washed / Wet,7.92,7.67,7.42,7.5,7.67,7.58,10.0,10.0,10.0,0.0,10.4,0,0,greenish,8,1
Brazil,Mundo Novo,Natural / Dry,7.58,7.5,7.5,7.83,7.67,7.5,10.0,10.0,10.0,0.0,11.6,0,0,green,4,1
Taiwan,unknown,Washed / Wet,7.75,7.75,7.58,7.67,7.42,7.5,10.0,10.0,10.0,0.0,9.6,0,0,green,1,1
Colombia,"Red Bourbon,Caturra",Anaerobico 1000h,7.67,7.67,7.58,7.67,7.58,7.58,10.0,10.0,10.0,0.0,10.9,0,0,brownish,2,1
Honduras,Lempira,Washed / Wet,7.67,7.75,7.67,7.58,7.5,7.58,10.0,10.0,10.0,0.0,10.5,0,0,bluish-green,3,1
Honduras,Catuai,Washed / Wet,7.75,7.58,7.58,7.58,7.5,7.58,10.0,10.0,10.0,0.0,11.3,0,1,green,5,1
Taiwan,Typica,Natural / Dry,7.75,7.75,7.5,7.75,7.5,7.42,10.0,10.0,10.0,0.0,9.7,0,0,greenish,2,1
Taiwan,unknown,Washed / Wet,7.67,7.67,7.5,7.58,7.58,7.5,10.0,10.0,10.0,0.0,11.8,0,0,blue-green,0,1
Laos,Catimor,Natural / Dry,7.67,7.75,7.33,7.67,7.58,7.5,10.0,10.0,10.0,0.0,11.8,0,0,brownish,7,1
Honduras,Catuai,Washed / Wet,7.67,7.67,7.5,7.58,7.58,7.5,10.0,10.0,10.0,0.0,10.6,0,2,green,7,1
Honduras,Catuai,Washed / Wet,7.75,7.58,7.58,7.58,7.58,7.5,10.0,10.0,10.0,0.0,9.6,0,0,green,2,1
Colombia,Caturra,Washed / Wet,8.0,7.67,7.42,7.58,7.58,7.42,10.0,10.0,10.0,0.0,13.1,0,0,bluish-green,1,1
Taiwan,Typica,Pulped natural / honey,7.5,7.67,7.58,7.58,7.5,7.5,10.0,10.0,10.0,0.0,8.9,0,0,blue-green,0,1
Mexico,Bourbon,Washed / Wet,7.75,7.5,7.42,7.67,7.58,7.5,10.0,10.0,10.0,0.0,11.9,2,0,green,1,1
Colombia,Typica Gesha,Washed / Wet,7.58,7.5,7.5,7.67,7.58,7.5,10.0,10.0,10.0,0.0,11.5,0,1,greenish,3,1
Honduras,Catuai,Washed / Wet,7.67,7.58,7.5,7.5,7.58,7.5,10.0,10.0,10.0,0.0,10.0,0,0,green,4,1
Thailand,Gayo,Washed / Wet,7.17,7.92,7.58,7.5,7.58,7.67,10.0,10.0,10.0,0.0,11.8,0,0,yellow-green,5,1
Vietnam,Catimor,Pulped natural / honey,7.58,7.42,7.58,7.5,7.67,7.75,10.0,10.0,10.0,0.0,13.3,0,0,green,4,1
Nicaragua,SHG,Natural / Dry,7.33,7.58,7.25,7.33,7.75,8.17,10.0,10.0,10.0,0.0,10.5,5,2,green,1,1
Costa Rica,SL28,Pulped natural / honey,7.33,7.5,7.25,7.92,7.75,7.58,10.0,10.0,10.0,0.0,11.8,0,0,pale yellow,1,1
Colombia,Caturra,Washed / Wet,7.58,7.67,7.58,7.5,7.33,7.5,10.0,10.0,10.0,0.0,11.8,0,1,green,2,1
Thailand,Caturra,Washed / Wet,7.33,7.58,7.58,7.5,7.67,7.67,10.0,10.0,10.0,0.0,13.0,1,0,greenish,0,1
Thailand,"Bourbon, Catimor, Caturra, Typica",Natural / Dry,7.5,7.58,7.5,7.42,7.5,7.58,10.0,10.0,10.0,0.0,11.2,0,0,yellow green,0,1
Honduras,Catuai,Washed / Wet,7.67,7.58,7.33,7.5,7.58,7.5,10.0,10.0,10.0,0.0,9.6,0,0,green,2,1
Taiwan,unknow,Natural / Dry,7.67,7.67,7.42,7.42,7.42,7.5,10.0,10.0,10.0,0.0,9.8,0,0,green,0,1
Taiwan,Caturra,Washed / Wet,7.67,7.58,7.42,7.42,7.5,7.5,10.0,10.0,10.0,0.0,8.4,0,0,blue-green,2,1
Nicaragua,Parainema,Washed / Wet,7.5,7.58,7.42,7.58,7.5,7.58,10.0,10.0,10.0,0.0,10.1,0,0,green,0,1
El Salvador,Bourbon,Washed / Wet,7.67,7.33,7.17,7.67,7.83,7.5,10.0,10.0,10.0,0.0,11.3,0,0,green,2,1
Panama,Caturra,Washed / Wet,7.75,7.67,7.17,7.67,7.42,7.42,10.0,10.0,10.0,0.0,10.0,0,0,green,0,1
Brazil,Mundo Novo,Natural / Dry,7.5,7.58,7.5,7.5,7.67,7.42,10.0,10.0,10.0,0.0,11.8,0,1,bluish-green,1,1
United States (Hawaii),Maragogype,Washed / Wet,7.33,7.58,7.5,7.5,7.5,7.58,10.0,10.0,10.0,0.0,11.7,0,0,blue-green,1,1
Mexico,Pacamara,Washed / Wet,7.67,7.42,7.5,7.5,7.67,7.42,10.0,10.0,10.0,0.0,10.7,0,0,pale yellow,0,1
Honduras,Catuai,Washed / Wet,7.58,7.58,7.33,7.5,7.58,7.42,10.0,10.0,10.0,0.0,10.6,0,0,green,8,1
Taiwan,unknown,Washed / Wet,7.42,7.42,7.58,7.42,7.58,7.5,10.0,10.0,10.0,0.0,8.4,0,0,green,2,1
Nicaragua,Caturra-Catuai,Washed / Wet,7.58,7.58,7.42,7.42,7.5,7.5,10.0,10.0,10.0,0.0,11.4,0,0,bluish-green,0,0
Vietnam,Catimor,Washed / Wet,7.5,7.5,7.33,7.5,7.5,7.42,10.0,10.0,10.0,0.0,10.5,0,0,bluish-green,0,0
El Salvador,Bourbon,Washed / Wet,7.5,7.5,7.42,7.42,7.42,7.67,10.0,10.0,10.0,0.0,12.0,0,7,green,10,0
El Salvador,Bourbon,Washed / Wet,7.33,7.67,7.25,7.67,7.83,7.42,10.0,10.0,10.0,0.0,11.8,0,0,bluish-green,0,0
Taiwan,unknown,Natural / Dry,7.67,7.58,7.42,7.5,7.33,7.42,10.0,10.0,10.0,0.0,10.8,0,0,green,1,0
Peru,Caturra,Washed / Wet,7.67,7.5,7.33,7.58,7.33,7.42,10.0,10.0,10.0,0.0,11.7,0,1,greenish,3,0
United States (Hawaii),Typica,Washed / Wet,7.75,7.42,7.33,7.5,7.33,7.5,10.0,10.0,10.0,0.0,10.6,1,0,green,5,0
Kenya,"SL28,SL34,Ruiru11",Washed / Wet,7.5,7.5,7.42,7.5,7.25,7.5,10.0,10.0,10.0,0.0,11.2,0,0,green,2,0
Honduras,Catuai,Washed / Wet,7.67,7.5,7.25,7.5,7.5,7.33,10.0,10.0,10.0,0.0,10.6,0,0,green,8,0
Taiwan,unknown,Washed / Wet,7.5,7.67,7.33,7.5,7.25,7.33,10.0,10.0,10.0,0.0,9.7,0,0,bluish-green,0,0
Taiwan,unknown,Pulped natural / honey,7.33,7.42,7.42,7.5,7.42,7.5,10.0,10.0,10.0,0.0,8.1,0,0,greenish,3,0
Taiwan,unknown,Washed / Wet,7.5,7.58,7.42,7.42,7.25,7.42,10.0,10.0,10.0,0.0,8.2,0,0,green,1,0
Thailand,Catimor,Washed / Wet,7.17,7.5,7.42,7.42,7.58,7.5,10.0,10.0,10.0,0.0,9.8,0,0,green,0,0
Costa Rica,Caturra,Washed / Wet,7.42,7.42,7.42,7.33,7.58,7.33,10.0,10.0,10.0,0.0,10.5,1,2,green,8,0
Peru,Caturra,Washed / Wet,7.5,7.5,7.33,7.5,7.33,7.33,10.0,10.0,10.0,0.0,11.6,0,2,greenish,2,0
Guatemala,Caturra,Washed / Wet,7.33,7.42,7.33,7.42,7.58,7.42,10.0,10.0,10.0,0.0,10.3,0,0,greenish,1,0
Taiwan,Typica,Pulped natural / honey,7.25,7.42,7.42,7.5,7.42,7.42,10.0,10.0,10.0,0.0,11.3,0,0,green,0,0
Vietnam,Catimor,Pulped natural / honey,7.5,7.5,7.25,7.42,7.42,7.42,10.0,10.0,10.0,0.0,11.2,0,0,green,4,0
Brazil,Yellow Catuai,Pulped natural / honey,7.5,7.5,7.42,7.33,7.33,7.33,10.0,10.0,10.0,0.0,11.3,0,0,pale yellow,2,0
Brazil,Catucai,Natural / Dry,7.42,7.5,7.58,7.33,7.33,7.25,10.0,10.0,10.0,0.0,11.1,0,0,yellow-green,0,0
Colombia,Santander,Washed / Wet,7.33,7.5,7.33,7.42,7.42,7.42,10.0,10.0,10.0,0.0,11.2,0,0,yellow-green,0,0
Mexico,Typica,Washed / Wet,7.58,7.42,7.25,7.25,7.5,7.33,10.0,10.0,10.0,0.0,11.8,2,0,green,2,0
Costa Rica,Caturra,Washed / Wet,7.33,7.42,7.25,7.42,7.42,7.33,10.0,10.0,10.0,0.0,9.7,0,2,green,4,0
Taiwan,Typica,Pulped natural / honey,7.42,7.5,7.33,7.33,7.33,7.33,10.0,10.0,10.0,0.0,9.0,0,0,yellow-green,0,0
Taiwan,unknown,Pulped natural / honey,7.33,7.5,7.42,7.33,7.33,7.25,10.0,10.0,10.0,0.0,8.5,0,0,green,0,0
Thailand,Java,Washed / Wet,7.33,7.42,7.25,7.33,7.5,7.42,10.0,10.0,10.0,0.0,11.6,2,0,green,1,0
Thailand,Typica Bourbon Caturra Catimor,Natural / Dry,7.42,7.25,7.33,7.42,7.33,7.33,10.0,10.0,10.0,0.0,10.5,0,0,yellowish,5,0
Thailand,Catimor,Washed / Wet,7.25,7.25,7.42,7.25,7.42,7.42,10.0,10.0,10.0,0.0,10.4,0,0,green,0,0
Colombia,"Caturra,Colombia,Castillo",Washed / Wet,7.42,7.25,7.25,7.42,7.17,7.33,10.0,10.0,10.0,0.0,11.4,0,2,greenish,2,0
El Salvador,Bourbon,Natural / Dry,7.42,7.33,7.33,7.5,7.08,7.0,10.0,10.0,10.0,0.0,10.5,0,8,bluish-green,7,0
Nicaragua,Caturra,Washed / Wet,7.25,7.25,7.17,7.33,7.08,7.25,10.0,10.0,10.0,0.0,11.5,0,1,greenish,3,0
Nicaragua,Sarchimor,Washed / Wet,7.42,7.17,7.0,7.08,7.42,7.17,10.0,10.0,10.0,0.0,11.2,0,0,green,5,0
Colombia,"Castillo,Caturra,Bourbon",Washed / Wet,7.25,7.25,7.17,7.33,7.0,7.17,10.0,10.0,10.0,0.0,11.0,0,3,greenish,3,0
Peru,Caturra,Washed / Wet,7.5,7.25,7.17,7.17,7.17,7.08,10.0,10.0,10.0,0.0,11.8,0,6,greenish,11,0
El Salvador,Pacas,Natural / Dry,7.08,7.25,7.08,7.42,7.42,7.08,10.0,10.0,10.0,0.0,11.5,0,10,bluish-green,7,0
Brazil,Catuai and Mundo Novo,Natural / Dry,7.25,7.17,7.17,7.08,7.17,7.17,10.0,10.0,10.0,0.0,11.6,0,1,greenish,2,0
Brazil,Mundo Novo,Natural / Dry,7.17,7.17,6.92,7.17,7.42,7.17,10.0,10.0,10.0,0.0,11.4,0,0,green,4,0
Nicaragua,SHG,Natural / Dry,7.33,7.08,6.75,7.17,7.42,7.17,10.0,10.0,10.0,0.0,10.4,0,2,green,12,0
Laos,Catimor,Washed / Wet,7.25,7.17,7.08,7.0,7.08,7.08,10.0,10.0,10.0,0.0,11.6,0,9,green,11,0
El Salvador,Maragogype,Natural / Dry,6.5,6.75,6.75,7.17,7.08,7.0,10.0,10.0,10.0,0.0,11.0,0,12,bluish-green,13,0
Brazil,Mundo Novo,SEMI-LAVADO,7.25,7.08,6.67,6.83,6.83,6.67,10.0,10.0,10.0,0.0,11.3,0,0,green,1,0
